[
  {
    "city_id": "1",
    "city_name": "Canberra",
    "country": "Australia",
    "last_frost_date": "October 5",
    "first_frost_date": "April 15",
    "growing_season_days": "173",
    "data_source": "Quality Plants & Seedlings AU",
    "confidence_level": "high",
    "notes": "ACT capital with significant frost risk"
  },
  {
    "city_id": "2",
    "city_name": "Sydney",
    "country": "Australia",
    "last_frost_date": "No frost",
    "first_frost_date": "No frost",
    "growing_season_days": "365",
    "data_source": "Quality Plants & Seedlings AU",
    "confidence_level": "high",
    "notes": "Coastal city rarely experiences frost"
  },
  {
    "city_id": "3",
    "city_name": "Melbourne",
    "country": "Australia",
    "last_frost_date": "September 20",
    "first_frost_date": "May 20",
    "growing_season_days": "245",
    "data_source": "Quality Plants & Seedlings AU (outer suburbs)",
    "confidence_level": "medium",
    "notes": "CBD rarely frosts; outer suburbs mid-May to mid-Sept"
  },
  {
    "city_id": "4",
    "city_name": "Brisbane",
    "country": "Australia",
    "last_frost_date": "No frost",
    "first_frost_date": "No frost",
    "growing_season_days": "365",
    "data_source": "Quality Plants & Seedlings AU",
    "confidence_level": "high",
    "notes": "Subtropical climate"
  },
  {
    "city_id": "5",
    "city_name": "Perth",
    "country": "Australia",
    "last_frost_date": "No frost",
    "first_frost_date": "No frost",
    "growing_season_days": "365",
    "data_source": "Quality Plants & Seedlings AU",
    "confidence_level": "high",
    "notes": "Mediterranean coastal climate"
  },
  {
    "city_id": "6",
    "city_name": "Adelaide",
    "country": "Australia",
    "last_frost_date": "No frost",
    "first_frost_date": "No frost",
    "growing_season_days": "365",
    "data_source": "Quality Plants & Seedlings AU",
    "confidence_level": "high",
    "notes": "Coastal Mediterranean climate"
  },
  {
    "city_id": "7",
    "city_name": "Hobart",
    "country": "Australia",
    "last_frost_date": "September 25",
    "first_frost_date": "May 5",
    "growing_season_days": "227",
    "data_source": "Quality Plants & Seedlings AU",
    "confidence_level": "high",
    "notes": "Cool temperate with regular frost"
  },
  {
    "city_id": "8",
    "city_name": "Darwin",
    "country": "Australia",
    "last_frost_date": "No frost",
    "first_frost_date": "No frost",
    "growing_season_days": "365",
    "data_source": "Quality Plants & Seedlings AU",
    "confidence_level": "high",
    "notes": "Tropical savanna climate"
  },
  {
    "city_id": "9",
    "city_name": "Orange",
    "country": "Australia",
    "last_frost_date": "September 25",
    "first_frost_date": "April 25",
    "growing_season_days": "213",
    "data_source": "Quality Plants & Seedlings AU",
    "confidence_level": "high",
    "notes": "Inland NSW highland town"
  },
  {
    "city_id": "10",
    "city_name": "Bathurst",
    "country": "Australia",
    "last_frost_date": "September 25",
    "first_frost_date": "April 25",
    "growing_season_days": "213",
    "data_source": "Quality Plants & Seedlings AU",
    "confidence_level": "high",
    "notes": "Inland NSW highland town"
  },
  {
    "city_id": "11",
    "city_name": "Armidale",
    "country": "Australia",
    "last_frost_date": "October 25",
    "first_frost_date": "April 15",
    "growing_season_days": "192",
    "data_source": "Quality Plants & Seedlings AU",
    "confidence_level": "high",
    "notes": "High elevation NSW town"
  },
  {
    "city_id": "12",
    "city_name": "Ballarat",
    "country": "Australia",
    "last_frost_date": "September 25",
    "first_frost_date": "April 25",
    "growing_season_days": "213",
    "data_source": "Quality Plants & Seedlings AU",
    "confidence_level": "high",
    "notes": "Inland Victorian highland city"
  },
  {
    "city_id": "13",
    "city_name": "Bendigo",
    "country": "Australia",
    "last_frost_date": "September 25",
    "first_frost_date": "April 25",
    "growing_season_days": "213",
    "data_source": "Quality Plants & Seedlings AU",
    "confidence_level": "high",
    "notes": "Inland Victorian city"
  },
  {
    "city_id": "14",
    "city_name": "Shepparton",
    "country": "Australia",
    "last_frost_date": "September 15",
    "first_frost_date": "May 5",
    "growing_season_days": "223",
    "data_source": "Quality Plants & Seedlings AU",
    "confidence_level": "high",
    "notes": "Inland Victorian city"
  },
  {
    "city_id": "15",
    "city_name": "Wangaratta",
    "country": "Australia",
    "last_frost_date": "September 25",
    "first_frost_date": "April 25",
    "growing_season_days": "213",
    "data_source": "Quality Plants & Seedlings AU",
    "confidence_level": "high",
    "notes": "Inland Victorian city"
  },
  {
    "city_id": "16",
    "city_name": "Toowoomba",
    "country": "Australia",
    "last_frost_date": "October 5",
    "first_frost_date": "April 25",
    "growing_season_days": "223",
    "data_source": "Quality Plants & Seedlings AU",
    "confidence_level": "high",
    "notes": "Queensland highland city"
  },
  {
    "city_id": "17",
    "city_name": "Stanthorpe",
    "country": "Australia",
    "last_frost_date": "September 25",
    "first_frost_date": "April 25",
    "growing_season_days": "213",
    "data_source": "Quality Plants & Seedlings AU",
    "confidence_level": "high",
    "notes": "Queensland Granite Belt"
  },
  {
    "city_id": "18",
    "city_name": "Warwick",
    "country": "Australia",
    "last_frost_date": "October 5",
    "first_frost_date": "April 25",
    "growing_season_days": "223",
    "data_source": "Quality Plants & Seedlings AU",
    "confidence_level": "high",
    "notes": "Queensland Darling Downs"
  },
  {
    "city_id": "19",
    "city_name": "Kingaroy",
    "country": "Australia",
    "last_frost_date": "September 15",
    "first_frost_date": "May 5",
    "growing_season_days": "223",
    "data_source": "Quality Plants & Seedlings AU",
    "confidence_level": "high",
    "notes": "Queensland South Burnett"
  },
  {
    "city_id": "20",
    "city_name": "Mount Gambier",
    "country": "Australia",
    "last_frost_date": "September 25",
    "first_frost_date": "April 25",
    "growing_season_days": "213",
    "data_source": "Quality Plants & Seedlings AU",
    "confidence_level": "high",
    "notes": "Inland SA volcanic region"
  },
  {
    "city_id": "21",
    "city_name": "Clare",
    "country": "Australia",
    "last_frost_date": "September 15",
    "first_frost_date": "April 25",
    "growing_season_days": "233",
    "data_source": "Quality Plants & Seedlings AU",
    "confidence_level": "high",
    "notes": "SA wine region"
  },
  {
    "city_id": "22",
    "city_name": "Murray Bridge",
    "country": "Australia",
    "last_frost_date": "September 5",
    "first_frost_date": "May 5",
    "growing_season_days": "245",
    "data_source": "Quality Plants & Seedlings AU",
    "confidence_level": "high",
    "notes": "SA Riverland"
  },
  {
    "city_id": "23",
    "city_name": "Barossa Valley",
    "country": "Australia",
    "last_frost_date": "September 25",
    "first_frost_date": "May 5",
    "growing_season_days": "227",
    "data_source": "Quality Plants & Seedlings AU",
    "confidence_level": "high",
    "notes": "SA wine region"
  },
  {
    "city_id": "24",
    "city_name": "Kalgoorlie",
    "country": "Australia",
    "last_frost_date": "September 15",
    "first_frost_date": "April 25",
    "growing_season_days": "233",
    "data_source": "Quality Plants & Seedlings AU",
    "confidence_level": "high",
    "notes": "WA goldfields arid region"
  },
  {
    "city_id": "25",
    "city_name": "Manjimup",
    "country": "Australia",
    "last_frost_date": "September 25",
    "first_frost_date": "April 25",
    "growing_season_days": "213",
    "data_source": "Quality Plants & Seedlings AU",
    "confidence_level": "high",
    "notes": "WA southwest forest region"
  },
  {
    "city_id": "26",
    "city_name": "Launceston",
    "country": "Australia",
    "last_frost_date": "September 25",
    "first_frost_date": "April 25",
    "growing_season_days": "213",
    "data_source": "Quality Plants & Seedlings AU",
    "confidence_level": "high",
    "notes": "Tasmania inland city"
  },
  {
    "city_id": "27",
    "city_name": "Devonport",
    "country": "Australia",
    "last_frost_date": "September 25",
    "first_frost_date": "May 5",
    "growing_season_days": "227",
    "data_source": "Quality Plants & Seedlings AU",
    "confidence_level": "high",
    "notes": "Tasmania north coast"
  },
  {
    "city_id": "28",
    "city_name": "Burnie",
    "country": "Australia",
    "last_frost_date": "September 25",
    "first_frost_date": "May 5",
    "growing_season_days": "227",
    "data_source": "Quality Plants & Seedlings AU",
    "confidence_level": "high",
    "notes": "Tasmania north coast"
  },
  {
    "city_id": "29",
    "city_name": "Queenstown",
    "country": "Australia",
    "last_frost_date": "September 25",
    "first_frost_date": "May 5",
    "growing_season_days": "227",
    "data_source": "Quality Plants & Seedlings AU",
    "confidence_level": "high",
    "notes": "Tasmania west coast mining town"
  },
  {
    "city_id": "30",
    "city_name": "Alice Springs",
    "country": "Australia",
    "last_frost_date": "September 25",
    "first_frost_date": "April 25",
    "growing_season_days": "213",
    "data_source": "Quality Plants & Seedlings AU",
    "confidence_level": "high",
    "notes": "Central Australian desert"
  },
  {
    "city_id": "31",
    "city_name": "Auckland",
    "country": "New Zealand",
    "last_frost_date": "October 15",
    "first_frost_date": "April 15",
    "growing_season_days": "182",
    "data_source": "Climate data NZ",
    "confidence_level": "medium",
    "notes": "Coastal city with mild frosts in inland suburbs"
  },
  {
    "city_id": "32",
    "city_name": "Wellington",
    "country": "New Zealand",
    "last_frost_date": "October 10",
    "first_frost_date": "April 20",
    "growing_season_days": "192",
    "data_source": "Climate data NZ",
    "confidence_level": "medium",
    "notes": "Coastal capital with occasional frost"
  },
  {
    "city_id": "33",
    "city_name": "Christchurch",
    "country": "New Zealand",
    "last_frost_date": "October 20",
    "first_frost_date": "April 10",
    "growing_season_days": "172",
    "data_source": "Climate data NZ",
    "confidence_level": "medium",
    "notes": "Canterbury Plains with regular winter frost"
  },
  {
    "city_id": "34",
    "city_name": "Dunedin",
    "country": "New Zealand",
    "last_frost_date": "October 15",
    "first_frost_date": "April 15",
    "growing_season_days": "182",
    "data_source": "Climate data NZ",
    "confidence_level": "medium",
    "notes": "Otago with cool temperate climate"
  },
  {
    "city_id": "35",
    "city_name": "Hamilton",
    "country": "New Zealand",
    "last_frost_date": "October 10",
    "first_frost_date": "April 20",
    "growing_season_days": "192",
    "data_source": "Climate data NZ",
    "confidence_level": "medium",
    "notes": "Waikato inland city"
  },
  {
    "city_id": "36",
    "city_name": "Bangkok",
    "country": "Thailand",
    "last_frost_date": "No frost",
    "first_frost_date": "No frost",
    "growing_season_days": "365",
    "data_source": "Regional climate guides",
    "confidence_level": "high",
    "notes": "Tropical climate year-round"
  },
  {
    "city_id": "37",
    "city_name": "Singapore",
    "country": "Singapore",
    "last_frost_date": "No frost",
    "first_frost_date": "No frost",
    "growing_season_days": "365",
    "data_source": "Regional climate guides",
    "confidence_level": "high",
    "notes": "Equatorial tropical climate"
  },
  {
    "city_id": "38",
    "city_name": "Kuala Lumpur",
    "country": "Malaysia",
    "last_frost_date": "No frost",
    "first_frost_date": "No frost",
    "growing_season_days": "365",
    "data_source": "Regional climate guides",
    "confidence_level": "high",
    "notes": "Tropical rainforest climate"
  },
  {
    "city_id": "39",
    "city_name": "Manila",
    "country": "Philippines",
    "last_frost_date": "No frost",
    "first_frost_date": "No frost",
    "growing_season_days": "365",
    "data_source": "Regional climate guides",
    "confidence_level": "high",
    "notes": "Tropical monsoon climate"
  },
  {
    "city_id": "40",
    "city_name": "Jakarta",
    "country": "Indonesia",
    "last_frost_date": "No frost",
    "first_frost_date": "No frost",
    "growing_season_days": "365",
    "data_source": "Regional climate guides",
    "confidence_level": "high",
    "notes": "Tropical monsoon climate"
  },
  {
    "city_id": "41",
    "city_name": "Hanoi",
    "country": "Vietnam",
    "last_frost_date": "January 10",
    "first_frost_date": "December 20",
    "growing_season_days": "325",
    "data_source": "Regional climate guides",
    "confidence_level": "medium",
    "notes": "Northern Vietnam with cool winter season"
  },
  {
    "city_id": "42",
    "city_name": "Ho Chi Minh City",
    "country": "Vietnam",
    "last_frost_date": "No frost",
    "first_frost_date": "No frost",
    "growing_season_days": "365",
    "data_source": "Regional climate guides",
    "confidence_level": "high",
    "notes": "Southern Vietnam tropical climate"
  },
  {
    "city_id": "43",
    "city_name": "Washington DC",
    "country": "United States",
    "last_frost_date": "April 10",
    "first_frost_date": "November 10",
    "growing_season_days": "214",
    "data_source": "NOAA 1991-2020 normals",
    "confidence_level": "high",
    "notes": "Mid-Atlantic humid subtropical"
  },
  {
    "city_id": "44",
    "city_name": "Montgomery",
    "country": "United States",
    "last_frost_date": "March 20",
    "first_frost_date": "November 15",
    "growing_season_days": "240",
    "data_source": "NOAA estimated",
    "confidence_level": "medium",
    "notes": "Alabama humid subtropical"
  },
  {
    "city_id": "45",
    "city_name": "Juneau",
    "country": "United States",
    "last_frost_date": "May 15",
    "first_frost_date": "September 15",
    "growing_season_days": "123",
    "data_source": "NOAA estimated",
    "confidence_level": "medium",
    "notes": "Alaska oceanic subarctic"
  },
  {
    "city_id": "46",
    "city_name": "Phoenix",
    "country": "United States",
    "last_frost_date": "February 1",
    "first_frost_date": "December 15",
    "growing_season_days": "317",
    "data_source": "NOAA estimated",
    "confidence_level": "medium",
    "notes": "Arizona hot desert"
  },
  {
    "city_id": "47",
    "city_name": "Little Rock",
    "country": "United States",
    "last_frost_date": "March 25",
    "first_frost_date": "November 10",
    "growing_season_days": "230",
    "data_source": "NOAA estimated",
    "confidence_level": "medium",
    "notes": "Arkansas humid subtropical"
  },
  {
    "city_id": "48",
    "city_name": "Sacramento",
    "country": "United States",
    "last_frost_date": "February 15",
    "first_frost_date": "December 10",
    "growing_season_days": "298",
    "data_source": "NOAA estimated",
    "confidence_level": "medium",
    "notes": "California Mediterranean"
  },
  {
    "city_id": "49",
    "city_name": "Los Angeles",
    "country": "United States",
    "last_frost_date": "No frost",
    "first_frost_date": "No frost",
    "growing_season_days": "365",
    "data_source": "NOAA estimated",
    "confidence_level": "high",
    "notes": "California Mediterranean coastal"
  },
  {
    "city_id": "50",
    "city_name": "San Francisco",
    "country": "United States",
    "last_frost_date": "No frost",
    "first_frost_date": "No frost",
    "growing_season_days": "365",
    "data_source": "NOAA estimated",
    "confidence_level": "high",
    "notes": "California Mediterranean coastal"
  },
  {
    "city_id": "51",
    "city_name": "Denver",
    "country": "United States",
    "last_frost_date": "May 5",
    "first_frost_date": "October 5",
    "growing_season_days": "153",
    "data_source": "NOAA estimated",
    "confidence_level": "medium",
    "notes": "Colorado semi-arid continental"
  },
  {
    "city_id": "52",
    "city_name": "Hartford",
    "country": "United States",
    "last_frost_date": "April 25",
    "first_frost_date": "October 15",
    "growing_season_days": "173",
    "data_source": "NOAA estimated",
    "confidence_level": "medium",
    "notes": "Connecticut humid continental"
  },
  {
    "city_id": "53",
    "city_name": "Dover",
    "country": "United States",
    "last_frost_date": "April 15",
    "first_frost_date": "November 1",
    "growing_season_days": "200",
    "data_source": "NOAA estimated",
    "confidence_level": "medium",
    "notes": "Delaware humid subtropical"
  },
  {
    "city_id": "54",
    "city_name": "Tallahassee",
    "country": "United States",
    "last_frost_date": "March 1",
    "first_frost_date": "November 30",
    "growing_season_days": "274",
    "data_source": "NOAA estimated",
    "confidence_level": "medium",
    "notes": "Florida humid subtropical"
  },
  {
    "city_id": "55",
    "city_name": "Miami",
    "country": "United States",
    "last_frost_date": "No frost",
    "first_frost_date": "No frost",
    "growing_season_days": "365",
    "data_source": "NOAA estimated",
    "confidence_level": "high",
    "notes": "Florida tropical"
  },
  {
    "city_id": "56",
    "city_name": "Atlanta",
    "country": "United States",
    "last_frost_date": "March 25",
    "first_frost_date": "November 15",
    "growing_season_days": "235",
    "data_source": "NOAA estimated",
    "confidence_level": "medium",
    "notes": "Georgia humid subtropical"
  },
  {
    "city_id": "57",
    "city_name": "Honolulu",
    "country": "United States",
    "last_frost_date": "No frost",
    "first_frost_date": "No frost",
    "growing_season_days": "365",
    "data_source": "NOAA estimated",
    "confidence_level": "high",
    "notes": "Hawaii tropical"
  },
  {
    "city_id": "58",
    "city_name": "Boise",
    "country": "United States",
    "last_frost_date": "May 10",
    "first_frost_date": "October 10",
    "growing_season_days": "153",
    "data_source": "NOAA estimated",
    "confidence_level": "medium",
    "notes": "Idaho semi-arid continental"
  },
  {
    "city_id": "59",
    "city_name": "Springfield",
    "country": "United States",
    "last_frost_date": "April 20",
    "first_frost_date": "October 20",
    "growing_season_days": "183",
    "data_source": "NOAA estimated",
    "confidence_level": "medium",
    "notes": "Illinois humid continental"
  },
  {
    "city_id": "60",
    "city_name": "Chicago",
    "country": "United States",
    "last_frost_date": "April 25",
    "first_frost_date": "October 25",
    "growing_season_days": "183",
    "data_source": "NOAA estimated",
    "confidence_level": "medium",
    "notes": "Illinois humid continental"
  },
  {
    "city_id": "61",
    "city_name": "Indianapolis",
    "country": "United States",
    "last_frost_date": "April 20",
    "first_frost_date": "October 20",
    "growing_season_days": "183",
    "data_source": "NOAA estimated",
    "confidence_level": "medium",
    "notes": "Indiana humid continental"
  },
  {
    "city_id": "62",
    "city_name": "Des Moines",
    "country": "United States",
    "last_frost_date": "April 25",
    "first_frost_date": "October 15",
    "growing_season_days": "173",
    "data_source": "NOAA estimated",
    "confidence_level": "medium",
    "notes": "Iowa humid continental"
  },
  {
    "city_id": "63",
    "city_name": "Topeka",
    "country": "United States",
    "last_frost_date": "April 15",
    "first_frost_date": "October 25",
    "growing_season_days": "193",
    "data_source": "NOAA estimated",
    "confidence_level": "medium",
    "notes": "Kansas humid continental"
  },
  {
    "city_id": "64",
    "city_name": "Frankfort",
    "country": "United States",
    "last_frost_date": "April 15",
    "first_frost_date": "October 25",
    "growing_season_days": "193",
    "data_source": "NOAA estimated",
    "confidence_level": "medium",
    "notes": "Kentucky humid subtropical"
  },
  {
    "city_id": "65",
    "city_name": "Baton Rouge",
    "country": "United States",
    "last_frost_date": "March 1",
    "first_frost_date": "November 30",
    "growing_season_days": "274",
    "data_source": "NOAA estimated",
    "confidence_level": "medium",
    "notes": "Louisiana humid subtropical"
  },
  {
    "city_id": "66",
    "city_name": "Augusta",
    "country": "United States",
    "last_frost_date": "May 10",
    "first_frost_date": "September 25",
    "growing_season_days": "138",
    "data_source": "NOAA estimated",
    "confidence_level": "medium",
    "notes": "Maine humid continental"
  },
  {
    "city_id": "67",
    "city_name": "Annapolis",
    "country": "United States",
    "last_frost_date": "April 15",
    "first_frost_date": "November 1",
    "growing_season_days": "200",
    "data_source": "NOAA estimated",
    "confidence_level": "medium",
    "notes": "Maryland humid subtropical"
  },
  {
    "city_id": "68",
    "city_name": "Boston",
    "country": "United States",
    "last_frost_date": "April 20",
    "first_frost_date": "November 5",
    "growing_season_days": "199",
    "data_source": "NOAA estimated",
    "confidence_level": "medium",
    "notes": "Massachusetts humid continental"
  },
  {
    "city_id": "69",
    "city_name": "Lansing",
    "country": "United States",
    "last_frost_date": "May 5",
    "first_frost_date": "October 10",
    "growing_season_days": "158",
    "data_source": "NOAA estimated",
    "confidence_level": "medium",
    "notes": "Michigan humid continental"
  },
  {
    "city_id": "70",
    "city_name": "Saint Paul",
    "country": "United States",
    "last_frost_date": "May 1",
    "first_frost_date": "October 1",
    "growing_season_days": "153",
    "data_source": "NOAA estimated",
    "confidence_level": "medium",
    "notes": "Minnesota humid continental"
  },
  {
    "city_id": "71",
    "city_name": "Jackson",
    "country": "United States",
    "last_frost_date": "March 20",
    "first_frost_date": "November 10",
    "growing_season_days": "235",
    "data_source": "NOAA estimated",
    "confidence_level": "medium",
    "notes": "Mississippi humid subtropical"
  },
  {
    "city_id": "72",
    "city_name": "Jefferson City",
    "country": "United States",
    "last_frost_date": "April 15",
    "first_frost_date": "October 25",
    "growing_season_days": "193",
    "data_source": "NOAA estimated",
    "confidence_level": "medium",
    "notes": "Missouri humid continental"
  },
  {
    "city_id": "73",
    "city_name": "Helena",
    "country": "United States",
    "last_frost_date": "May 20",
    "first_frost_date": "September 20",
    "growing_season_days": "123",
    "data_source": "NOAA estimated",
    "confidence_level": "medium",
    "notes": "Montana continental"
  },
  {
    "city_id": "74",
    "city_name": "Lincoln",
    "country": "United States",
    "last_frost_date": "April 25",
    "first_frost_date": "October 15",
    "growing_season_days": "173",
    "data_source": "NOAA estimated",
    "confidence_level": "medium",
    "notes": "Nebraska humid continental"
  },
  {
    "city_id": "75",
    "city_name": "Carson City",
    "country": "United States",
    "last_frost_date": "May 15",
    "first_frost_date": "September 25",
    "growing_season_days": "133",
    "data_source": "NOAA estimated",
    "confidence_level": "medium",
    "notes": "Nevada semi-arid"
  },
  {
    "city_id": "76",
    "city_name": "Concord",
    "country": "United States",
    "last_frost_date": "May 15",
    "first_frost_date": "September 20",
    "growing_season_days": "128",
    "data_source": "NOAA estimated",
    "confidence_level": "medium",
    "notes": "New Hampshire humid continental"
  },
  {
    "city_id": "77",
    "city_name": "Trenton",
    "country": "United States",
    "last_frost_date": "April 15",
    "first_frost_date": "November 5",
    "growing_season_days": "204",
    "data_source": "NOAA estimated",
    "confidence_level": "medium",
    "notes": "New Jersey humid subtropical"
  },
  {
    "city_id": "78",
    "city_name": "Santa Fe",
    "country": "United States",
    "last_frost_date": "May 10",
    "first_frost_date": "October 10",
    "growing_season_days": "153",
    "data_source": "NOAA estimated",
    "confidence_level": "medium",
    "notes": "New Mexico semi-arid"
  },
  {
    "city_id": "79",
    "city_name": "Albany",
    "country": "United States",
    "last_frost_date": "May 1",
    "first_frost_date": "October 10",
    "growing_season_days": "162",
    "data_source": "NOAA estimated",
    "confidence_level": "medium",
    "notes": "New York humid continental"
  },
  {
    "city_id": "80",
    "city_name": "New York City",
    "country": "United States",
    "last_frost_date": "April 15",
    "first_frost_date": "November 10",
    "growing_season_days": "209",
    "data_source": "NOAA estimated",
    "confidence_level": "medium",
    "notes": "New York humid subtropical"
  },
  {
    "city_id": "81",
    "city_name": "Raleigh",
    "country": "United States",
    "last_frost_date": "April 10",
    "first_frost_date": "November 5",
    "growing_season_days": "209",
    "data_source": "NOAA estimated",
    "confidence_level": "medium",
    "notes": "North Carolina humid subtropical"
  },
  {
    "city_id": "82",
    "city_name": "Bismarck",
    "country": "United States",
    "last_frost_date": "May 15",
    "first_frost_date": "September 20",
    "growing_season_days": "128",
    "data_source": "NOAA estimated",
    "confidence_level": "medium",
    "notes": "North Dakota continental"
  },
  {
    "city_id": "83",
    "city_name": "Columbus",
    "country": "United States",
    "last_frost_date": "April 25",
    "first_frost_date": "October 20",
    "growing_season_days": "178",
    "data_source": "NOAA estimated",
    "confidence_level": "medium",
    "notes": "Ohio humid continental"
  },
  {
    "city_id": "84",
    "city_name": "Oklahoma City",
    "country": "United States",
    "last_frost_date": "April 1",
    "first_frost_date": "November 5",
    "growing_season_days": "218",
    "data_source": "NOAA estimated",
    "confidence_level": "medium",
    "notes": "Oklahoma humid subtropical"
  },
  {
    "city_id": "85",
    "city_name": "Salem",
    "country": "United States",
    "last_frost_date": "May 5",
    "first_frost_date": "October 15",
    "growing_season_days": "163",
    "data_source": "NOAA estimated",
    "confidence_level": "medium",
    "notes": "Oregon Mediterranean"
  },
  {
    "city_id": "86",
    "city_name": "Portland",
    "country": "United States",
    "last_frost_date": "April 15",
    "first_frost_date": "November 1",
    "growing_season_days": "200",
    "data_source": "NOAA estimated",
    "confidence_level": "medium",
    "notes": "Oregon Mediterranean"
  },
  {
    "city_id": "87",
    "city_name": "Harrisburg",
    "country": "United States",
    "last_frost_date": "April 20",
    "first_frost_date": "October 25",
    "growing_season_days": "188",
    "data_source": "NOAA estimated",
    "confidence_level": "medium",
    "notes": "Pennsylvania humid continental"
  },
  {
    "city_id": "88",
    "city_name": "Philadelphia",
    "country": "United States",
    "last_frost_date": "April 10",
    "first_frost_date": "November 10",
    "growing_season_days": "214",
    "data_source": "NOAA estimated",
    "confidence_level": "medium",
    "notes": "Pennsylvania humid subtropical"
  },
  {
    "city_id": "89",
    "city_name": "Providence",
    "country": "United States",
    "last_frost_date": "April 25",
    "first_frost_date": "October 25",
    "growing_season_days": "183",
    "data_source": "NOAA estimated",
    "confidence_level": "medium",
    "notes": "Rhode Island humid continental"
  },
  {
    "city_id": "90",
    "city_name": "Columbia",
    "country": "United States",
    "last_frost_date": "March 25",
    "first_frost_date": "November 15",
    "growing_season_days": "235",
    "data_source": "NOAA estimated",
    "confidence_level": "medium",
    "notes": "South Carolina humid subtropical"
  },
  {
    "city_id": "91",
    "city_name": "Pierre",
    "country": "United States",
    "last_frost_date": "May 10",
    "first_frost_date": "September 25",
    "growing_season_days": "138",
    "data_source": "NOAA estimated",
    "confidence_level": "medium",
    "notes": "South Dakota continental"
  },
  {
    "city_id": "92",
    "city_name": "Nashville",
    "country": "United States",
    "last_frost_date": "April 5",
    "first_frost_date": "November 1",
    "growing_season_days": "210",
    "data_source": "NOAA estimated",
    "confidence_level": "medium",
    "notes": "Tennessee humid subtropical"
  },
  {
    "city_id": "93",
    "city_name": "Austin",
    "country": "United States",
    "last_frost_date": "February 15",
    "first_frost_date": "December 1",
    "growing_season_days": "289",
    "data_source": "NOAA estimated",
    "confidence_level": "medium",
    "notes": "Texas humid subtropical"
  },
  {
    "city_id": "94",
    "city_name": "Houston",
    "country": "United States",
    "last_frost_date": "February 1",
    "first_frost_date": "December 15",
    "growing_season_days": "317",
    "data_source": "NOAA estimated",
    "confidence_level": "medium",
    "notes": "Texas humid subtropical"
  },
  {
    "city_id": "95",
    "city_name": "Dallas",
    "country": "United States",
    "last_frost_date": "March 20",
    "first_frost_date": "November 20",
    "growing_season_days": "245",
    "data_source": "NOAA estimated",
    "confidence_level": "medium",
    "notes": "Texas humid subtropical"
  },
  {
    "city_id": "96",
    "city_name": "Salt Lake City",
    "country": "United States",
    "last_frost_date": "April 25",
    "first_frost_date": "October 20",
    "growing_season_days": "178",
    "data_source": "NOAA estimated",
    "confidence_level": "medium",
    "notes": "Utah semi-arid continental"
  },
  {
    "city_id": "97",
    "city_name": "Montpelier",
    "country": "United States",
    "last_frost_date": "May 20",
    "first_frost_date": "September 20",
    "growing_season_days": "123",
    "data_source": "NOAA estimated",
    "confidence_level": "medium",
    "notes": "Vermont humid continental"
  },
  {
    "city_id": "98",
    "city_name": "Richmond",
    "country": "United States",
    "last_frost_date": "April 10",
    "first_frost_date": "November 1",
    "growing_season_days": "205",
    "data_source": "NOAA estimated",
    "confidence_level": "medium",
    "notes": "Virginia humid subtropical"
  },
  {
    "city_id": "99",
    "city_name": "Olympia",
    "country": "United States",
    "last_frost_date": "April 20",
    "first_frost_date": "October 25",
    "growing_season_days": "188",
    "data_source": "NOAA estimated",
    "confidence_level": "medium",
    "notes": "Washington Mediterranean"
  },
  {
    "city_id": "100",
    "city_name": "Seattle",
    "country": "United States",
    "last_frost_date": "March 25",
    "first_frost_date": "November 15",
    "growing_season_days": "235",
    "data_source": "NOAA estimated",
    "confidence_level": "medium",
    "notes": "Washington Mediterranean"
  },
  {
    "city_id": "101",
    "city_name": "Charleston",
    "country": "United States",
    "last_frost_date": "April 20",
    "first_frost_date": "October 20",
    "growing_season_days": "183",
    "data_source": "NOAA estimated",
    "confidence_level": "medium",
    "notes": "West Virginia humid continental"
  },
  {
    "city_id": "102",
    "city_name": "Madison",
    "country": "United States",
    "last_frost_date": "May 1",
    "first_frost_date": "October 5",
    "growing_season_days": "157",
    "data_source": "NOAA estimated",
    "confidence_level": "medium",
    "notes": "Wisconsin humid continental"
  },
  {
    "city_id": "103",
    "city_name": "Cheyenne",
    "country": "United States",
    "last_frost_date": "May 20",
    "first_frost_date": "September 15",
    "growing_season_days": "118",
    "data_source": "NOAA estimated",
    "confidence_level": "medium",
    "notes": "Wyoming semi-arid continental"
  },
  {
    "city_id": "104",
    "city_name": "Ottawa",
    "country": "Canada",
    "last_frost_date": "May 5",
    "first_frost_date": "October 5",
    "growing_season_days": "153",
    "data_source": "Environment Canada estimated",
    "confidence_level": "medium",
    "notes": "Ontario humid continental"
  },
  {
    "city_id": "105",
    "city_name": "Toronto",
    "country": "Canada",
    "last_frost_date": "April 20",
    "first_frost_date": "October 25",
    "growing_season_days": "188",
    "data_source": "Environment Canada estimated",
    "confidence_level": "medium",
    "notes": "Ontario humid continental"
  },
  {
    "city_id": "106",
    "city_name": "Montreal",
    "country": "Canada",
    "last_frost_date": "May 1",
    "first_frost_date": "October 10",
    "growing_season_days": "162",
    "data_source": "Environment Canada estimated",
    "confidence_level": "medium",
    "notes": "Quebec humid continental"
  },
  {
    "city_id": "107",
    "city_name": "Quebec City",
    "country": "Canada",
    "last_frost_date": "May 10",
    "first_frost_date": "October 1",
    "growing_season_days": "144",
    "data_source": "Environment Canada estimated",
    "confidence_level": "medium",
    "notes": "Quebec humid continental"
  },
  {
    "city_id": "108",
    "city_name": "Vancouver",
    "country": "Canada",
    "last_frost_date": "March 20",
    "first_frost_date": "November 15",
    "growing_season_days": "240",
    "data_source": "Environment Canada estimated",
    "confidence_level": "medium",
    "notes": "BC Mediterranean oceanic"
  },
  {
    "city_id": "109",
    "city_name": "Victoria",
    "country": "Canada",
    "last_frost_date": "March 10",
    "first_frost_date": "November 20",
    "growing_season_days": "255",
    "data_source": "Environment Canada estimated",
    "confidence_level": "medium",
    "notes": "BC Mediterranean oceanic"
  },
  {
    "city_id": "110",
    "city_name": "Calgary",
    "country": "Canada",
    "last_frost_date": "May 25",
    "first_frost_date": "September 15",
    "growing_season_days": "113",
    "data_source": "Environment Canada estimated",
    "confidence_level": "medium",
    "notes": "Alberta continental"
  },
  {
    "city_id": "111",
    "city_name": "Edmonton",
    "country": "Canada",
    "last_frost_date": "May 20",
    "first_frost_date": "September 20",
    "growing_season_days": "123",
    "data_source": "Environment Canada estimated",
    "confidence_level": "medium",
    "notes": "Alberta continental"
  },
  {
    "city_id": "112",
    "city_name": "Winnipeg",
    "country": "Canada",
    "last_frost_date": "May 20",
    "first_frost_date": "September 20",
    "growing_season_days": "123",
    "data_source": "Environment Canada estimated",
    "confidence_level": "medium",
    "notes": "Manitoba continental"
  },
  {
    "city_id": "113",
    "city_name": "Regina",
    "country": "Canada",
    "last_frost_date": "May 25",
    "first_frost_date": "September 15",
    "growing_season_days": "113",
    "data_source": "Environment Canada estimated",
    "confidence_level": "medium",
    "notes": "Saskatchewan continental"
  },
  {
    "city_id": "114",
    "city_name": "Halifax",
    "country": "Canada",
    "last_frost_date": "May 10",
    "first_frost_date": "October 10",
    "growing_season_days": "153",
    "data_source": "Environment Canada estimated",
    "confidence_level": "medium",
    "notes": "Nova Scotia humid continental"
  },
  {
    "city_id": "115",
    "city_name": "St. John's",
    "country": "Canada",
    "last_frost_date": "June 1",
    "first_frost_date": "October 1",
    "growing_season_days": "122",
    "data_source": "Environment Canada estimated",
    "confidence_level": "medium",
    "notes": "Newfoundland subarctic oceanic"
  },
  {
    "city_id": "116",
    "city_name": "Charlottetown",
    "country": "Canada",
    "last_frost_date": "May 15",
    "first_frost_date": "October 5",
    "growing_season_days": "143",
    "data_source": "Environment Canada estimated",
    "confidence_level": "medium",
    "notes": "PEI humid continental"
  },
  {
    "city_id": "117",
    "city_name": "Fredericton",
    "country": "Canada",
    "last_frost_date": "May 15",
    "first_frost_date": "September 25",
    "growing_season_days": "133",
    "data_source": "Environment Canada estimated",
    "confidence_level": "medium",
    "notes": "New Brunswick humid continental"
  },
  {
    "city_id": "118",
    "city_name": "Whitehorse",
    "country": "Canada",
    "last_frost_date": "June 1",
    "first_frost_date": "August 31",
    "growing_season_days": "91",
    "data_source": "Environment Canada estimated",
    "confidence_level": "medium",
    "notes": "Yukon subarctic"
  },
  {
    "city_id": "119",
    "city_name": "Yellowknife",
    "country": "Canada",
    "last_frost_date": "June 10",
    "first_frost_date": "August 20",
    "growing_season_days": "71",
    "data_source": "Environment Canada estimated",
    "confidence_level": "medium",
    "notes": "NWT subarctic"
  },
  {
    "city_id": "120",
    "city_name": "Iqaluit",
    "country": "Canada",
    "last_frost_date": "July 1",
    "first_frost_date": "August 15",
    "growing_season_days": "45",
    "data_source": "Environment Canada estimated",
    "confidence_level": "low",
    "notes": "Nunavut polar tundra"
  }
]