[
  {
    "city_name": "Canberra",
    "country": "Australia",
    "state_province_territory": "Australian Capital Territory",
    "latitude": "-35.2809",
    "longitude": "149.1300",
    "koppen_code": "Cfb",
    "hemisphere": "Southern",
    "notes": "National capital"
  },
  {
    "city_name": "Sydney",
    "country": "Australia",
    "state_province_territory": "New South Wales",
    "latitude": "-33.8688",
    "longitude": "151.2093",
    "koppen_code": "Cfa",
    "hemisphere": "Southern",
    "notes": "State capital"
  },
  {
    "city_name": "Melbourne",
    "country": "Australia",
    "state_province_territory": "Victoria",
    "latitude": "-37.8136",
    "longitude": "144.9631",
    "koppen_code": "Cfb",
    "hemisphere": "Southern",
    "notes": "State capital"
  },
  {
    "city_name": "Brisbane",
    "country": "Australia",
    "state_province_territory": "Queensland",
    "latitude": "-27.4698",
    "longitude": "153.0251",
    "koppen_code": "Cfa",
    "hemisphere": "Southern",
    "notes": "State capital"
  },
  {
    "city_name": "Perth",
    "country": "Australia",
    "state_province_territory": "Western Australia",
    "latitude": "-31.9505",
    "longitude": "115.8605",
    "koppen_code": "Csa",
    "hemisphere": "Southern",
    "notes": "State capital"
  },
  {
    "city_name": "Adelaide",
    "country": "Australia",
    "state_province_territory": "South Australia",
    "latitude": "-34.9285",
    "longitude": "138.6007",
    "koppen_code": "Csa",
    "hemisphere": "Southern",
    "notes": "State capital"
  },
  {
    "city_name": "Hobart",
    "country": "Australia",
    "state_province_territory": "Tasmania",
    "latitude": "-42.8821",
    "longitude": "147.3272",
    "koppen_code": "Cfb",
    "hemisphere": "Southern",
    "notes": "State capital"
  },
  {
    "city_name": "Darwin",
    "country": "Australia",
    "state_province_territory": "Northern Territory",
    "latitude": "-12.4634",
    "longitude": "130.8456",
    "koppen_code": "Aw",
    "hemisphere": "Southern",
    "notes": "Territory capital"
  },
  {
    "city_name": "Buenos Aires",
    "country": "Argentina",
    "state_province_territory": "Buenos Aires",
    "latitude": "-34.6037",
    "longitude": "-58.3816",
    "koppen_code": "Cfa",
    "hemisphere": "Southern",
    "notes": "National capital"
  },
  {
    "city_name": "C\u00f3rdoba",
    "country": "Argentina",
    "state_province_territory": "C\u00f3rdoba",
    "latitude": "-31.4201",
    "longitude": "-64.1888",
    "koppen_code": "Cfa",
    "hemisphere": "Southern",
    "notes": "Provincial capital"
  },
  {
    "city_name": "Rosario",
    "country": "Argentina",
    "state_province_territory": "Santa Fe",
    "latitude": "-32.9442",
    "longitude": "-60.6505",
    "koppen_code": "Cfa",
    "hemisphere": "Southern",
    "notes": "Major city"
  },
  {
    "city_name": "Mendoza",
    "country": "Argentina",
    "state_province_territory": "Mendoza",
    "latitude": "-32.8895",
    "longitude": "-68.8458",
    "koppen_code": "BWk",
    "hemisphere": "Southern",
    "notes": "Provincial capital"
  },
  {
    "city_name": "Vienna",
    "country": "Austria",
    "state_province_territory": "Vienna",
    "latitude": "48.2082",
    "longitude": "16.3738",
    "koppen_code": "Cfb",
    "hemisphere": "Northern",
    "notes": "National capital"
  },
  {
    "city_name": "Brussels",
    "country": "Belgium",
    "state_province_territory": "Brussels",
    "latitude": "50.8503",
    "longitude": "4.3517",
    "koppen_code": "Cfb",
    "hemisphere": "Northern",
    "notes": "National capital"
  },
  {
    "city_name": "Bras\u00edlia",
    "country": "Brazil",
    "state_province_territory": "Federal District",
    "latitude": "-15.8267",
    "longitude": "-47.9218",
    "koppen_code": "Aw",
    "hemisphere": "Southern",
    "notes": "National capital"
  },
  {
    "city_name": "S\u00e3o Paulo",
    "country": "Brazil",
    "state_province_territory": "S\u00e3o Paulo",
    "latitude": "-23.5505",
    "longitude": "-46.6333",
    "koppen_code": "Cfa",
    "hemisphere": "Southern",
    "notes": "State capital"
  },
  {
    "city_name": "Rio de Janeiro",
    "country": "Brazil",
    "state_province_territory": "Rio de Janeiro",
    "latitude": "-22.9068",
    "longitude": "-43.1729",
    "koppen_code": "Aw",
    "hemisphere": "Southern",
    "notes": "State capital"
  },
  {
    "city_name": "Salvador",
    "country": "Brazil",
    "state_province_territory": "Bahia",
    "latitude": "-12.9714",
    "longitude": "-38.5014",
    "koppen_code": "Af",
    "hemisphere": "Southern",
    "notes": "State capital"
  },
  {
    "city_name": "Manaus",
    "country": "Brazil",
    "state_province_territory": "Amazonas",
    "latitude": "-3.1190",
    "longitude": "-60.0217",
    "koppen_code": "Af",
    "hemisphere": "Southern",
    "notes": "State capital"
  },
  {
    "city_name": "Ottawa",
    "country": "Canada",
    "state_province_territory": "Ontario",
    "latitude": "45.4215",
    "longitude": "-75.6972",
    "koppen_code": "Dfb",
    "hemisphere": "Northern",
    "notes": "National capital"
  },
  {
    "city_name": "Toronto",
    "country": "Canada",
    "state_province_territory": "Ontario",
    "latitude": "43.6532",
    "longitude": "-79.3832",
    "koppen_code": "Dfa",
    "hemisphere": "Northern",
    "notes": "Provincial capital"
  },
  {
    "city_name": "Montreal",
    "country": "Canada",
    "state_province_territory": "Quebec",
    "latitude": "45.5017",
    "longitude": "-73.5673",
    "koppen_code": "Dfb",
    "hemisphere": "Northern",
    "notes": "Major city"
  },
  {
    "city_name": "Quebec City",
    "country": "Canada",
    "state_province_territory": "Quebec",
    "latitude": "46.8139",
    "longitude": "-71.2080",
    "koppen_code": "Dfb",
    "hemisphere": "Northern",
    "notes": "Provincial capital"
  },
  {
    "city_name": "Vancouver",
    "country": "Canada",
    "state_province_territory": "British Columbia",
    "latitude": "49.2827",
    "longitude": "-123.1207",
    "koppen_code": "Cfb",
    "hemisphere": "Northern",
    "notes": "Major city"
  },
  {
    "city_name": "Victoria",
    "country": "Canada",
    "state_province_territory": "British Columbia",
    "latitude": "48.4284",
    "longitude": "-123.3656",
    "koppen_code": "Cfb",
    "hemisphere": "Northern",
    "notes": "Provincial capital"
  },
  {
    "city_name": "Calgary",
    "country": "Canada",
    "state_province_territory": "Alberta",
    "latitude": "51.0447",
    "longitude": "-114.0719",
    "koppen_code": "Dfb",
    "hemisphere": "Northern",
    "notes": "Major city"
  },
  {
    "city_name": "Edmonton",
    "country": "Canada",
    "state_province_territory": "Alberta",
    "latitude": "53.5461",
    "longitude": "-113.4938",
    "koppen_code": "Dfb",
    "hemisphere": "Northern",
    "notes": "Provincial capital"
  },
  {
    "city_name": "Winnipeg",
    "country": "Canada",
    "state_province_territory": "Manitoba",
    "latitude": "49.8951",
    "longitude": "-97.1384",
    "koppen_code": "Dfb",
    "hemisphere": "Northern",
    "notes": "Provincial capital"
  },
  {
    "city_name": "Regina",
    "country": "Canada",
    "state_province_territory": "Saskatchewan",
    "latitude": "50.4452",
    "longitude": "-104.6189",
    "koppen_code": "Dfb",
    "hemisphere": "Northern",
    "notes": "Provincial capital"
  },
  {
    "city_name": "Halifax",
    "country": "Canada",
    "state_province_territory": "Nova Scotia",
    "latitude": "44.6488",
    "longitude": "-63.5752",
    "koppen_code": "Dfb",
    "hemisphere": "Northern",
    "notes": "Provincial capital"
  },
  {
    "city_name": "St. John's",
    "country": "Canada",
    "state_province_territory": "Newfoundland and Labrador",
    "latitude": "47.5615",
    "longitude": "-52.7126",
    "koppen_code": "Dfc",
    "hemisphere": "Northern",
    "notes": "Provincial capital"
  },
  {
    "city_name": "Charlottetown",
    "country": "Canada",
    "state_province_territory": "Prince Edward Island",
    "latitude": "46.2382",
    "longitude": "-63.1311",
    "koppen_code": "Dfb",
    "hemisphere": "Northern",
    "notes": "Provincial capital"
  },
  {
    "city_name": "Fredericton",
    "country": "Canada",
    "state_province_territory": "New Brunswick",
    "latitude": "45.9636",
    "longitude": "-66.6431",
    "koppen_code": "Dfb",
    "hemisphere": "Northern",
    "notes": "Provincial capital"
  },
  {
    "city_name": "Whitehorse",
    "country": "Canada",
    "state_province_territory": "Yukon",
    "latitude": "60.7212",
    "longitude": "-135.0568",
    "koppen_code": "Dfc",
    "hemisphere": "Northern",
    "notes": "Territorial capital"
  },
  {
    "city_name": "Yellowknife",
    "country": "Canada",
    "state_province_territory": "Northwest Territories",
    "latitude": "62.4540",
    "longitude": "-114.3718",
    "koppen_code": "Dfc",
    "hemisphere": "Northern",
    "notes": "Territorial capital"
  },
  {
    "city_name": "Iqaluit",
    "country": "Canada",
    "state_province_territory": "Nunavut",
    "latitude": "63.7467",
    "longitude": "-68.5170",
    "koppen_code": "ET",
    "hemisphere": "Northern",
    "notes": "Territorial capital"
  },
  {
    "city_name": "Santiago",
    "country": "Chile",
    "state_province_territory": "Santiago Region",
    "latitude": "-33.4489",
    "longitude": "-70.6693",
    "koppen_code": "Csb",
    "hemisphere": "Southern",
    "notes": "National capital"
  },
  {
    "city_name": "Valpara\u00edso",
    "country": "Chile",
    "state_province_territory": "Valpara\u00edso",
    "latitude": "-33.0472",
    "longitude": "-71.6127",
    "koppen_code": "Csb",
    "hemisphere": "Southern",
    "notes": "Regional capital"
  },
  {
    "city_name": "Beijing",
    "country": "China",
    "state_province_territory": "Beijing",
    "latitude": "39.9042",
    "longitude": "116.4074",
    "koppen_code": "Dwa",
    "hemisphere": "Northern",
    "notes": "National capital"
  },
  {
    "city_name": "Shanghai",
    "country": "China",
    "state_province_territory": "Shanghai",
    "latitude": "31.2304",
    "longitude": "121.4737",
    "koppen_code": "Cfa",
    "hemisphere": "Northern",
    "notes": "Provincial-level capital"
  },
  {
    "city_name": "Guangzhou",
    "country": "China",
    "state_province_territory": "Guangdong",
    "latitude": "23.1291",
    "longitude": "113.2644",
    "koppen_code": "Cfa",
    "hemisphere": "Northern",
    "notes": "Provincial capital"
  },
  {
    "city_name": "Chengdu",
    "country": "China",
    "state_province_territory": "Sichuan",
    "latitude": "30.5728",
    "longitude": "104.0668",
    "koppen_code": "Cfa",
    "hemisphere": "Northern",
    "notes": "Provincial capital"
  },
  {
    "city_name": "Wuhan",
    "country": "China",
    "state_province_territory": "Hubei",
    "latitude": "30.5928",
    "longitude": "114.3055",
    "koppen_code": "Cfa",
    "hemisphere": "Northern",
    "notes": "Provincial capital"
  },
  {
    "city_name": "Xi'an",
    "country": "China",
    "state_province_territory": "Shaanxi",
    "latitude": "34.3416",
    "longitude": "108.9398",
    "koppen_code": "Cwa",
    "hemisphere": "Northern",
    "notes": "Provincial capital"
  },
  {
    "city_name": "Bogot\u00e1",
    "country": "Colombia",
    "state_province_territory": "Cundinamarca",
    "latitude": "4.7110",
    "longitude": "-74.0721",
    "koppen_code": "Cfb",
    "hemisphere": "Northern",
    "notes": "National capital"
  },
  {
    "city_name": "Cairo",
    "country": "Egypt",
    "state_province_territory": "Cairo",
    "latitude": "30.0444",
    "longitude": "31.2357",
    "koppen_code": "BWh",
    "hemisphere": "Northern",
    "notes": "National capital"
  },
  {
    "city_name": "Paris",
    "country": "France",
    "state_province_territory": "\u00cele-de-France",
    "latitude": "48.8566",
    "longitude": "2.3522",
    "koppen_code": "Cfb",
    "hemisphere": "Northern",
    "notes": "National capital"
  },
  {
    "city_name": "Lyon",
    "country": "France",
    "state_province_territory": "Auvergne-Rh\u00f4ne-Alpes",
    "latitude": "45.7640",
    "longitude": "4.8357",
    "koppen_code": "Cfb",
    "hemisphere": "Northern",
    "notes": "Regional capital"
  },
  {
    "city_name": "Marseille",
    "country": "France",
    "state_province_territory": "Provence-Alpes-C\u00f4te d'Azur",
    "latitude": "43.2965",
    "longitude": "5.3698",
    "koppen_code": "Csa",
    "hemisphere": "Northern",
    "notes": "Regional capital"
  },
  {
    "city_name": "Berlin",
    "country": "Germany",
    "state_province_territory": "Berlin",
    "latitude": "52.5200",
    "longitude": "13.4050",
    "koppen_code": "Cfb",
    "hemisphere": "Northern",
    "notes": "National capital"
  },
  {
    "city_name": "Munich",
    "country": "Germany",
    "state_province_territory": "Bavaria",
    "latitude": "48.1351",
    "longitude": "11.5820",
    "koppen_code": "Cfb",
    "hemisphere": "Northern",
    "notes": "State capital"
  },
  {
    "city_name": "Hamburg",
    "country": "Germany",
    "state_province_territory": "Hamburg",
    "latitude": "53.5511",
    "longitude": "9.9937",
    "koppen_code": "Cfb",
    "hemisphere": "Northern",
    "notes": "State capital"
  },
  {
    "city_name": "Frankfurt",
    "country": "Germany",
    "state_province_territory": "Hesse",
    "latitude": "50.1109",
    "longitude": "8.6821",
    "koppen_code": "Cfb",
    "hemisphere": "Northern",
    "notes": "Major city"
  },
  {
    "city_name": "Athens",
    "country": "Greece",
    "state_province_territory": "Attica",
    "latitude": "37.9838",
    "longitude": "23.7275",
    "koppen_code": "Csa",
    "hemisphere": "Northern",
    "notes": "National capital"
  },
  {
    "city_name": "New Delhi",
    "country": "India",
    "state_province_territory": "Delhi",
    "latitude": "28.6139",
    "longitude": "77.2090",
    "koppen_code": "Cwa",
    "hemisphere": "Northern",
    "notes": "National capital"
  },
  {
    "city_name": "Mumbai",
    "country": "India",
    "state_province_territory": "Maharashtra",
    "latitude": "19.0760",
    "longitude": "72.8777",
    "koppen_code": "Aw",
    "hemisphere": "Northern",
    "notes": "State capital"
  },
  {
    "city_name": "Kolkata",
    "country": "India",
    "state_province_territory": "West Bengal",
    "latitude": "22.5726",
    "longitude": "88.3639",
    "koppen_code": "Aw",
    "hemisphere": "Northern",
    "notes": "State capital"
  },
  {
    "city_name": "Chennai",
    "country": "India",
    "state_province_territory": "Tamil Nadu",
    "latitude": "13.0827",
    "longitude": "80.2707",
    "koppen_code": "Aw",
    "hemisphere": "Northern",
    "notes": "State capital"
  },
  {
    "city_name": "Bangalore",
    "country": "India",
    "state_province_territory": "Karnataka",
    "latitude": "12.9716",
    "longitude": "77.5946",
    "koppen_code": "Aw",
    "hemisphere": "Northern",
    "notes": "State capital"
  },
  {
    "city_name": "Dublin",
    "country": "Ireland",
    "state_province_territory": "Leinster",
    "latitude": "53.3498",
    "longitude": "-6.2603",
    "koppen_code": "Cfb",
    "hemisphere": "Northern",
    "notes": "National capital"
  },
  {
    "city_name": "Rome",
    "country": "Italy",
    "state_province_territory": "Lazio",
    "latitude": "41.9028",
    "longitude": "12.4964",
    "koppen_code": "Csa",
    "hemisphere": "Northern",
    "notes": "National capital"
  },
  {
    "city_name": "Milan",
    "country": "Italy",
    "state_province_territory": "Lombardy",
    "latitude": "45.4642",
    "longitude": "9.1900",
    "koppen_code": "Cfa",
    "hemisphere": "Northern",
    "notes": "Regional capital"
  },
  {
    "city_name": "Naples",
    "country": "Italy",
    "state_province_territory": "Campania",
    "latitude": "40.8518",
    "longitude": "14.2681",
    "koppen_code": "Csa",
    "hemisphere": "Northern",
    "notes": "Regional capital"
  },
  {
    "city_name": "Tokyo",
    "country": "Japan",
    "state_province_territory": "Tokyo",
    "latitude": "35.6762",
    "longitude": "139.6503",
    "koppen_code": "Cfa",
    "hemisphere": "Northern",
    "notes": "National capital"
  },
  {
    "city_name": "Osaka",
    "country": "Japan",
    "state_province_territory": "Osaka",
    "latitude": "34.6937",
    "longitude": "135.5023",
    "koppen_code": "Cfa",
    "hemisphere": "Northern",
    "notes": "Prefectural capital"
  },
  {
    "city_name": "Sapporo",
    "country": "Japan",
    "state_province_territory": "Hokkaido",
    "latitude": "43.0642",
    "longitude": "141.3469",
    "koppen_code": "Dfb",
    "hemisphere": "Northern",
    "notes": "Prefectural capital"
  },
  {
    "city_name": "Nairobi",
    "country": "Kenya",
    "state_province_territory": "Nairobi",
    "latitude": "-1.2921",
    "longitude": "36.8219",
    "koppen_code": "Cfb",
    "hemisphere": "Southern",
    "notes": "National capital"
  },
  {
    "city_name": "Mexico City",
    "country": "Mexico",
    "state_province_territory": "Mexico City",
    "latitude": "19.4326",
    "longitude": "-99.1332",
    "koppen_code": "Cwb",
    "hemisphere": "Northern",
    "notes": "National capital"
  },
  {
    "city_name": "Amsterdam",
    "country": "Netherlands",
    "state_province_territory": "North Holland",
    "latitude": "52.3676",
    "longitude": "4.9041",
    "koppen_code": "Cfb",
    "hemisphere": "Northern",
    "notes": "National capital"
  },
  {
    "city_name": "Auckland",
    "country": "New Zealand",
    "state_province_territory": "Auckland",
    "latitude": "-36.8485",
    "longitude": "174.7633",
    "koppen_code": "Cfb",
    "hemisphere": "Southern",
    "notes": "Major city"
  },
  {
    "city_name": "Wellington",
    "country": "New Zealand",
    "state_province_territory": "Wellington",
    "latitude": "-41.2865",
    "longitude": "174.7762",
    "koppen_code": "Cfb",
    "hemisphere": "Southern",
    "notes": "National capital"
  },
  {
    "city_name": "Christchurch",
    "country": "New Zealand",
    "state_province_territory": "Canterbury",
    "latitude": "-43.5321",
    "longitude": "172.6362",
    "koppen_code": "Cfb",
    "hemisphere": "Southern",
    "notes": "Regional center"
  },
  {
    "city_name": "Oslo",
    "country": "Norway",
    "state_province_territory": "Oslo",
    "latitude": "59.9139",
    "longitude": "10.7522",
    "koppen_code": "Dfb",
    "hemisphere": "Northern",
    "notes": "National capital"
  },
  {
    "city_name": "Lima",
    "country": "Peru",
    "state_province_territory": "Lima",
    "latitude": "-12.0464",
    "longitude": "-77.0428",
    "koppen_code": "BWh",
    "hemisphere": "Southern",
    "notes": "National capital"
  },
  {
    "city_name": "Manila",
    "country": "Philippines",
    "state_province_territory": "Metro Manila",
    "latitude": "14.5995",
    "longitude": "120.9842",
    "koppen_code": "Aw",
    "hemisphere": "Northern",
    "notes": "National capital"
  },
  {
    "city_name": "Warsaw",
    "country": "Poland",
    "state_province_territory": "Masovian",
    "latitude": "52.2297",
    "longitude": "21.0122",
    "koppen_code": "Dfb",
    "hemisphere": "Northern",
    "notes": "National capital"
  },
  {
    "city_name": "Lisbon",
    "country": "Portugal",
    "state_province_territory": "Lisbon",
    "latitude": "38.7223",
    "longitude": "-9.1393",
    "koppen_code": "Csa",
    "hemisphere": "Northern",
    "notes": "National capital"
  },
  {
    "city_name": "Moscow",
    "country": "Russia",
    "state_province_territory": "Moscow",
    "latitude": "55.7558",
    "longitude": "37.6173",
    "koppen_code": "Dfb",
    "hemisphere": "Northern",
    "notes": "National capital"
  },
  {
    "city_name": "Saint Petersburg",
    "country": "Russia",
    "state_province_territory": "Saint Petersburg",
    "latitude": "59.9311",
    "longitude": "30.3609",
    "koppen_code": "Dfb",
    "hemisphere": "Northern",
    "notes": "Federal city"
  },
  {
    "city_name": "Novosibirsk",
    "country": "Russia",
    "state_province_territory": "Novosibirsk Oblast",
    "latitude": "55.0084",
    "longitude": "82.9357",
    "koppen_code": "Dfb",
    "hemisphere": "Northern",
    "notes": "Regional capital"
  },
  {
    "city_name": "Riyadh",
    "country": "Saudi Arabia",
    "state_province_territory": "Riyadh",
    "latitude": "24.7136",
    "longitude": "46.6753",
    "koppen_code": "BWh",
    "hemisphere": "Northern",
    "notes": "National capital"
  },
  {
    "city_name": "Singapore",
    "country": "Singapore",
    "state_province_territory": "Singapore",
    "latitude": "1.3521",
    "longitude": "103.8198",
    "koppen_code": "Af",
    "hemisphere": "Northern",
    "notes": "City-state"
  },
  {
    "city_name": "Johannesburg",
    "country": "South Africa",
    "state_province_territory": "Gauteng",
    "latitude": "-26.2041",
    "longitude": "28.0473",
    "koppen_code": "Cwb",
    "hemisphere": "Southern",
    "notes": "Provincial capital"
  },
  {
    "city_name": "Cape Town",
    "country": "South Africa",
    "state_province_territory": "Western Cape",
    "latitude": "-33.9249",
    "longitude": "18.4241",
    "koppen_code": "Csb",
    "hemisphere": "Southern",
    "notes": "Provincial capital"
  },
  {
    "city_name": "Pretoria",
    "country": "South Africa",
    "state_province_territory": "Gauteng",
    "latitude": "-25.7479",
    "longitude": "28.2293",
    "koppen_code": "Cwb",
    "hemisphere": "Southern",
    "notes": "Administrative capital"
  },
  {
    "city_name": "Seoul",
    "country": "South Korea",
    "state_province_territory": "Seoul",
    "latitude": "37.5665",
    "longitude": "126.9780",
    "koppen_code": "Dwa",
    "hemisphere": "Northern",
    "notes": "National capital"
  },
  {
    "city_name": "Madrid",
    "country": "Spain",
    "state_province_territory": "Madrid",
    "latitude": "40.4168",
    "longitude": "-3.7038",
    "koppen_code": "Csa",
    "hemisphere": "Northern",
    "notes": "National capital"
  },
  {
    "city_name": "Barcelona",
    "country": "Spain",
    "state_province_territory": "Catalonia",
    "latitude": "41.3851",
    "longitude": "2.1734",
    "koppen_code": "Csa",
    "hemisphere": "Northern",
    "notes": "Regional capital"
  },
  {
    "city_name": "Seville",
    "country": "Spain",
    "state_province_territory": "Andalusia",
    "latitude": "37.3891",
    "longitude": "-5.9845",
    "koppen_code": "Csa",
    "hemisphere": "Northern",
    "notes": "Regional capital"
  },
  {
    "city_name": "Stockholm",
    "country": "Sweden",
    "state_province_territory": "Stockholm",
    "latitude": "59.3293",
    "longitude": "18.0686",
    "koppen_code": "Dfb",
    "hemisphere": "Northern",
    "notes": "National capital"
  },
  {
    "city_name": "Bern",
    "country": "Switzerland",
    "state_province_territory": "Bern",
    "latitude": "46.9480",
    "longitude": "7.4474",
    "koppen_code": "Cfb",
    "hemisphere": "Northern",
    "notes": "National capital"
  },
  {
    "city_name": "Zurich",
    "country": "Switzerland",
    "state_province_territory": "Zurich",
    "latitude": "47.3769",
    "longitude": "8.5417",
    "koppen_code": "Cfb",
    "hemisphere": "Northern",
    "notes": "Cantonal capital"
  },
  {
    "city_name": "Bangkok",
    "country": "Thailand",
    "state_province_territory": "Bangkok",
    "latitude": "13.7563",
    "longitude": "100.5018",
    "koppen_code": "Aw",
    "hemisphere": "Northern",
    "notes": "National capital"
  },
  {
    "city_name": "Istanbul",
    "country": "Turkey",
    "state_province_territory": "Istanbul",
    "latitude": "41.0082",
    "longitude": "28.9784",
    "koppen_code": "Csa",
    "hemisphere": "Northern",
    "notes": "Major city"
  },
  {
    "city_name": "Ankara",
    "country": "Turkey",
    "state_province_territory": "Ankara",
    "latitude": "39.9334",
    "longitude": "32.8597",
    "koppen_code": "Csa",
    "hemisphere": "Northern",
    "notes": "National capital"
  },
  {
    "city_name": "London",
    "country": "United Kingdom",
    "state_province_territory": "England",
    "latitude": "51.5074",
    "longitude": "-0.1278",
    "koppen_code": "Cfb",
    "hemisphere": "Northern",
    "notes": "National capital"
  },
  {
    "city_name": "Edinburgh",
    "country": "United Kingdom",
    "state_province_territory": "Scotland",
    "latitude": "55.9533",
    "longitude": "-3.1883",
    "koppen_code": "Cfb",
    "hemisphere": "Northern",
    "notes": "Capital of Scotland"
  },
  {
    "city_name": "Cardiff",
    "country": "United Kingdom",
    "state_province_territory": "Wales",
    "latitude": "51.4816",
    "longitude": "-3.1791",
    "koppen_code": "Cfb",
    "hemisphere": "Northern",
    "notes": "Capital of Wales"
  },
  {
    "city_name": "Belfast",
    "country": "United Kingdom",
    "state_province_territory": "Northern Ireland",
    "latitude": "54.5973",
    "longitude": "-5.9301",
    "koppen_code": "Cfb",
    "hemisphere": "Northern",
    "notes": "Capital of Northern Ireland"
  },
  {
    "city_name": "Manchester",
    "country": "United Kingdom",
    "state_province_territory": "England",
    "latitude": "53.4808",
    "longitude": "-2.2426",
    "koppen_code": "Cfb",
    "hemisphere": "Northern",
    "notes": "Major city"
  },
  {
    "city_name": "Washington DC",
    "country": "United States",
    "state_province_territory": "District of Columbia",
    "latitude": "38.9072",
    "longitude": "-77.0369",
    "koppen_code": "Cfa",
    "hemisphere": "Northern",
    "notes": "National capital"
  },
  {
    "city_name": "Montgomery",
    "country": "United States",
    "state_province_territory": "Alabama",
    "latitude": "32.3792",
    "longitude": "-86.3077",
    "koppen_code": "Cfa",
    "hemisphere": "Northern",
    "notes": "State capital"
  },
  {
    "city_name": "Juneau",
    "country": "United States",
    "state_province_territory": "Alaska",
    "latitude": "58.3019",
    "longitude": "-134.4197",
    "koppen_code": "Cfb",
    "hemisphere": "Northern",
    "notes": "State capital"
  },
  {
    "city_name": "Phoenix",
    "country": "United States",
    "state_province_territory": "Arizona",
    "latitude": "33.4484",
    "longitude": "-112.0740",
    "koppen_code": "BWh",
    "hemisphere": "Northern",
    "notes": "State capital"
  },
  {
    "city_name": "Little Rock",
    "country": "United States",
    "state_province_territory": "Arkansas",
    "latitude": "34.7465",
    "longitude": "-92.2896",
    "koppen_code": "Cfa",
    "hemisphere": "Northern",
    "notes": "State capital"
  },
  {
    "city_name": "Sacramento",
    "country": "United States",
    "state_province_territory": "California",
    "latitude": "38.5816",
    "longitude": "-121.4944",
    "koppen_code": "Csa",
    "hemisphere": "Northern",
    "notes": "State capital"
  },
  {
    "city_name": "Los Angeles",
    "country": "United States",
    "state_province_territory": "California",
    "latitude": "34.0522",
    "longitude": "-118.2437",
    "koppen_code": "Csa",
    "hemisphere": "Northern",
    "notes": "Major city"
  },
  {
    "city_name": "San Francisco",
    "country": "United States",
    "state_province_territory": "California",
    "latitude": "37.7749",
    "longitude": "-122.4194",
    "koppen_code": "Csb",
    "hemisphere": "Northern",
    "notes": "Major city"
  },
  {
    "city_name": "Denver",
    "country": "United States",
    "state_province_territory": "Colorado",
    "latitude": "39.7392",
    "longitude": "-104.9903",
    "koppen_code": "BSk",
    "hemisphere": "Northern",
    "notes": "State capital"
  },
  {
    "city_name": "Hartford",
    "country": "United States",
    "state_province_territory": "Connecticut",
    "latitude": "41.7658",
    "longitude": "-72.6734",
    "koppen_code": "Dfa",
    "hemisphere": "Northern",
    "notes": "State capital"
  },
  {
    "city_name": "Dover",
    "country": "United States",
    "state_province_territory": "Delaware",
    "latitude": "39.1582",
    "longitude": "-75.5244",
    "koppen_code": "Cfa",
    "hemisphere": "Northern",
    "notes": "State capital"
  },
  {
    "city_name": "Tallahassee",
    "country": "United States",
    "state_province_territory": "Florida",
    "latitude": "30.4383",
    "longitude": "-84.2807",
    "koppen_code": "Cfa",
    "hemisphere": "Northern",
    "notes": "State capital"
  },
  {
    "city_name": "Miami",
    "country": "United States",
    "state_province_territory": "Florida",
    "latitude": "25.7617",
    "longitude": "-80.1918",
    "koppen_code": "Aw",
    "hemisphere": "Northern",
    "notes": "Major city"
  },
  {
    "city_name": "Atlanta",
    "country": "United States",
    "state_province_territory": "Georgia",
    "latitude": "33.7490",
    "longitude": "-84.3880",
    "koppen_code": "Cfa",
    "hemisphere": "Northern",
    "notes": "State capital"
  },
  {
    "city_name": "Honolulu",
    "country": "United States",
    "state_province_territory": "Hawaii",
    "latitude": "21.3099",
    "longitude": "-157.8581",
    "koppen_code": "Aw",
    "hemisphere": "Northern",
    "notes": "State capital"
  },
  {
    "city_name": "Boise",
    "country": "United States",
    "state_province_territory": "Idaho",
    "latitude": "43.6150",
    "longitude": "-116.2023",
    "koppen_code": "BSk",
    "hemisphere": "Northern",
    "notes": "State capital"
  },
  {
    "city_name": "Springfield",
    "country": "United States",
    "state_province_territory": "Illinois",
    "latitude": "39.7817",
    "longitude": "-89.6501",
    "koppen_code": "Dfa",
    "hemisphere": "Northern",
    "notes": "State capital"
  },
  {
    "city_name": "Chicago",
    "country": "United States",
    "state_province_territory": "Illinois",
    "latitude": "41.8781",
    "longitude": "-87.6298",
    "koppen_code": "Dfa",
    "hemisphere": "Northern",
    "notes": "Major city"
  },
  {
    "city_name": "Indianapolis",
    "country": "United States",
    "state_province_territory": "Indiana",
    "latitude": "39.7684",
    "longitude": "-86.1581",
    "koppen_code": "Dfa",
    "hemisphere": "Northern",
    "notes": "State capital"
  },
  {
    "city_name": "Des Moines",
    "country": "United States",
    "state_province_territory": "Iowa",
    "latitude": "41.5868",
    "longitude": "-93.6250",
    "koppen_code": "Dfa",
    "hemisphere": "Northern",
    "notes": "State capital"
  },
  {
    "city_name": "Topeka",
    "country": "United States",
    "state_province_territory": "Kansas",
    "latitude": "39.0473",
    "longitude": "-95.6752",
    "koppen_code": "Dfa",
    "hemisphere": "Northern",
    "notes": "State capital"
  },
  {
    "city_name": "Frankfort",
    "country": "United States",
    "state_province_territory": "Kentucky",
    "latitude": "38.2009",
    "longitude": "-84.8733",
    "koppen_code": "Cfa",
    "hemisphere": "Northern",
    "notes": "State capital"
  },
  {
    "city_name": "Baton Rouge",
    "country": "United States",
    "state_province_territory": "Louisiana",
    "latitude": "30.4515",
    "longitude": "-91.1871",
    "koppen_code": "Cfa",
    "hemisphere": "Northern",
    "notes": "State capital"
  },
  {
    "city_name": "Augusta",
    "country": "United States",
    "state_province_territory": "Maine",
    "latitude": "44.3106",
    "longitude": "-69.7795",
    "koppen_code": "Dfb",
    "hemisphere": "Northern",
    "notes": "State capital"
  },
  {
    "city_name": "Annapolis",
    "country": "United States",
    "state_province_territory": "Maryland",
    "latitude": "38.9784",
    "longitude": "-76.4922",
    "koppen_code": "Cfa",
    "hemisphere": "Northern",
    "notes": "State capital"
  },
  {
    "city_name": "Boston",
    "country": "United States",
    "state_province_territory": "Massachusetts",
    "latitude": "42.3601",
    "longitude": "-71.0589",
    "koppen_code": "Dfa",
    "hemisphere": "Northern",
    "notes": "State capital"
  },
  {
    "city_name": "Lansing",
    "country": "United States",
    "state_province_territory": "Michigan",
    "latitude": "42.7325",
    "longitude": "-84.5555",
    "koppen_code": "Dfa",
    "hemisphere": "Northern",
    "notes": "State capital"
  },
  {
    "city_name": "Saint Paul",
    "country": "United States",
    "state_province_territory": "Minnesota",
    "latitude": "44.9537",
    "longitude": "-93.0900",
    "koppen_code": "Dfa",
    "hemisphere": "Northern",
    "notes": "State capital"
  },
  {
    "city_name": "Jackson",
    "country": "United States",
    "state_province_territory": "Mississippi",
    "latitude": "32.2988",
    "longitude": "-90.1848",
    "koppen_code": "Cfa",
    "hemisphere": "Northern",
    "notes": "State capital"
  },
  {
    "city_name": "Jefferson City",
    "country": "United States",
    "state_province_territory": "Missouri",
    "latitude": "38.5767",
    "longitude": "-92.1735",
    "koppen_code": "Dfa",
    "hemisphere": "Northern",
    "notes": "State capital"
  },
  {
    "city_name": "Helena",
    "country": "United States",
    "state_province_territory": "Montana",
    "latitude": "46.5891",
    "longitude": "-112.0391",
    "koppen_code": "Dfb",
    "hemisphere": "Northern",
    "notes": "State capital"
  },
  {
    "city_name": "Lincoln",
    "country": "United States",
    "state_province_territory": "Nebraska",
    "latitude": "40.8136",
    "longitude": "-96.7026",
    "koppen_code": "Dfa",
    "hemisphere": "Northern",
    "notes": "State capital"
  },
  {
    "city_name": "Carson City",
    "country": "United States",
    "state_province_territory": "Nevada",
    "latitude": "39.1638",
    "longitude": "-119.7674",
    "koppen_code": "BSk",
    "hemisphere": "Northern",
    "notes": "State capital"
  },
  {
    "city_name": "Concord",
    "country": "United States",
    "state_province_territory": "New Hampshire",
    "latitude": "43.2081",
    "longitude": "-71.5376",
    "koppen_code": "Dfb",
    "hemisphere": "Northern",
    "notes": "State capital"
  },
  {
    "city_name": "Trenton",
    "country": "United States",
    "state_province_territory": "New Jersey",
    "latitude": "40.2171",
    "longitude": "-74.7429",
    "koppen_code": "Cfa",
    "hemisphere": "Northern",
    "notes": "State capital"
  },
  {
    "city_name": "Santa Fe",
    "country": "United States",
    "state_province_territory": "New Mexico",
    "latitude": "35.6870",
    "longitude": "-105.9378",
    "koppen_code": "BSk",
    "hemisphere": "Northern",
    "notes": "State capital"
  },
  {
    "city_name": "Albany",
    "country": "United States",
    "state_province_territory": "New York",
    "latitude": "42.6526",
    "longitude": "-73.7562",
    "koppen_code": "Dfa",
    "hemisphere": "Northern",
    "notes": "State capital"
  },
  {
    "city_name": "New York City",
    "country": "United States",
    "state_province_territory": "New York",
    "latitude": "40.7128",
    "longitude": "-74.0060",
    "koppen_code": "Cfa",
    "hemisphere": "Northern",
    "notes": "Major city"
  },
  {
    "city_name": "Raleigh",
    "country": "United States",
    "state_province_territory": "North Carolina",
    "latitude": "35.7796",
    "longitude": "-78.6382",
    "koppen_code": "Cfa",
    "hemisphere": "Northern",
    "notes": "State capital"
  },
  {
    "city_name": "Bismarck",
    "country": "United States",
    "state_province_territory": "North Dakota",
    "latitude": "46.8083",
    "longitude": "-100.7837",
    "koppen_code": "Dfb",
    "hemisphere": "Northern",
    "notes": "State capital"
  },
  {
    "city_name": "Columbus",
    "country": "United States",
    "state_province_territory": "Ohio",
    "latitude": "39.9612",
    "longitude": "-82.9988",
    "koppen_code": "Dfa",
    "hemisphere": "Northern",
    "notes": "State capital"
  },
  {
    "city_name": "Oklahoma City",
    "country": "United States",
    "state_province_territory": "Oklahoma",
    "latitude": "35.4676",
    "longitude": "-97.5164",
    "koppen_code": "Cfa",
    "hemisphere": "Northern",
    "notes": "State capital"
  },
  {
    "city_name": "Salem",
    "country": "United States",
    "state_province_territory": "Oregon",
    "latitude": "44.9429",
    "longitude": "-123.0351",
    "koppen_code": "Csb",
    "hemisphere": "Northern",
    "notes": "State capital"
  },
  {
    "city_name": "Portland",
    "country": "United States",
    "state_province_territory": "Oregon",
    "latitude": "45.5152",
    "longitude": "-122.6784",
    "koppen_code": "Csb",
    "hemisphere": "Northern",
    "notes": "Major city"
  },
  {
    "city_name": "Harrisburg",
    "country": "United States",
    "state_province_territory": "Pennsylvania",
    "latitude": "40.2732",
    "longitude": "-76.8867",
    "koppen_code": "Dfa",
    "hemisphere": "Northern",
    "notes": "State capital"
  },
  {
    "city_name": "Philadelphia",
    "country": "United States",
    "state_province_territory": "Pennsylvania",
    "latitude": "39.9526",
    "longitude": "-75.1652",
    "koppen_code": "Cfa",
    "hemisphere": "Northern",
    "notes": "Major city"
  },
  {
    "city_name": "Providence",
    "country": "United States",
    "state_province_territory": "Rhode Island",
    "latitude": "41.8240",
    "longitude": "-71.4128",
    "koppen_code": "Dfa",
    "hemisphere": "Northern",
    "notes": "State capital"
  },
  {
    "city_name": "Columbia",
    "country": "United States",
    "state_province_territory": "South Carolina",
    "latitude": "34.0007",
    "longitude": "-81.0348",
    "koppen_code": "Cfa",
    "hemisphere": "Northern",
    "notes": "State capital"
  },
  {
    "city_name": "Pierre",
    "country": "United States",
    "state_province_territory": "South Dakota",
    "latitude": "44.3683",
    "longitude": "-100.3361",
    "koppen_code": "Dfa",
    "hemisphere": "Northern",
    "notes": "State capital"
  },
  {
    "city_name": "Nashville",
    "country": "United States",
    "state_province_territory": "Tennessee",
    "latitude": "36.1627",
    "longitude": "-86.7816",
    "koppen_code": "Cfa",
    "hemisphere": "Northern",
    "notes": "State capital"
  },
  {
    "city_name": "Austin",
    "country": "United States",
    "state_province_territory": "Texas",
    "latitude": "30.2672",
    "longitude": "-97.7431",
    "koppen_code": "Cfa",
    "hemisphere": "Northern",
    "notes": "State capital"
  },
  {
    "city_name": "Houston",
    "country": "United States",
    "state_province_territory": "Texas",
    "latitude": "29.7604",
    "longitude": "-95.3698",
    "koppen_code": "Cfa",
    "hemisphere": "Northern",
    "notes": "Major city"
  },
  {
    "city_name": "Dallas",
    "country": "United States",
    "state_province_territory": "Texas",
    "latitude": "32.7767",
    "longitude": "-96.7970",
    "koppen_code": "Cfa",
    "hemisphere": "Northern",
    "notes": "Major city"
  },
  {
    "city_name": "Salt Lake City",
    "country": "United States",
    "state_province_territory": "Utah",
    "latitude": "40.7608",
    "longitude": "-111.8910",
    "koppen_code": "BSk",
    "hemisphere": "Northern",
    "notes": "State capital"
  },
  {
    "city_name": "Montpelier",
    "country": "United States",
    "state_province_territory": "Vermont",
    "latitude": "44.2601",
    "longitude": "-72.5754",
    "koppen_code": "Dfb",
    "hemisphere": "Northern",
    "notes": "State capital"
  },
  {
    "city_name": "Richmond",
    "country": "United States",
    "state_province_territory": "Virginia",
    "latitude": "37.5407",
    "longitude": "-77.4360",
    "koppen_code": "Cfa",
    "hemisphere": "Northern",
    "notes": "State capital"
  },
  {
    "city_name": "Olympia",
    "country": "United States",
    "state_province_territory": "Washington",
    "latitude": "47.0379",
    "longitude": "-122.9007",
    "koppen_code": "Csb",
    "hemisphere": "Northern",
    "notes": "State capital"
  },
  {
    "city_name": "Seattle",
    "country": "United States",
    "state_province_territory": "Washington",
    "latitude": "47.6062",
    "longitude": "-122.3321",
    "koppen_code": "Cfb",
    "hemisphere": "Northern",
    "notes": "Major city"
  },
  {
    "city_name": "Charleston",
    "country": "United States",
    "state_province_territory": "West Virginia",
    "latitude": "38.3498",
    "longitude": "-81.6326",
    "koppen_code": "Cfa",
    "hemisphere": "Northern",
    "notes": "State capital"
  },
  {
    "city_name": "Madison",
    "country": "United States",
    "state_province_territory": "Wisconsin",
    "latitude": "43.0731",
    "longitude": "-89.4012",
    "koppen_code": "Dfa",
    "hemisphere": "Northern",
    "notes": "State capital"
  },
  {
    "city_name": "Cheyenne",
    "country": "United States",
    "state_province_territory": "Wyoming",
    "latitude": "41.1400",
    "longitude": "-104.8202",
    "koppen_code": "BSk",
    "hemisphere": "Northern",
    "notes": "State capital"
  },
  {
    "city_name": "Caracas",
    "country": "Venezuela",
    "state_province_territory": "Capital District",
    "latitude": "10.4806",
    "longitude": "-66.9036",
    "koppen_code": "Aw",
    "hemisphere": "Northern",
    "notes": "National capital"
  },
  {
    "city_name": "Hanoi",
    "country": "Vietnam",
    "state_province_territory": "Hanoi",
    "latitude": "21.0285",
    "longitude": "105.8542",
    "koppen_code": "Cwa",
    "hemisphere": "Northern",
    "notes": "National capital"
  },
  {
    "city_name": "Ho Chi Minh City",
    "country": "Vietnam",
    "state_province_territory": "Ho Chi Minh",
    "latitude": "10.8231",
    "longitude": "106.6297",
    "koppen_code": "Aw",
    "hemisphere": "Northern",
    "notes": "Major city"
  }
]